temperature,humidity,wind_speed,condition
6.217808319315374,18.513292883861965,13.085284186795299,normal
46.55000144869413,54.190094737835814,12.348939953599992,heat_wave
31.23957592679836,87.29458358764083,45.312729026051834,normal
21.90609389379256,73.22248864095612,12.477309992475305,normal
-9.078695169029444,80.65611478614497,13.59748630643155,cold_wave
-9.080383576465815,65.87833667107174,37.969913120898184,cold_wave
-15.934147148226039,69.22765645178525,22.486992122527,cold_wave
40.63233020424546,84.91956515653193,38.83552784775906,heat_wave
22.078050822024615,24.966800885918595,3.268307878219262,normal
29.565080445723183,48.942496364314046,24.378559683669216,normal
-18.559085399293828,22.120944181960223,1.6806800091641316,cold_wave
47.8936896513396,98.7668007996647,3.132660172767726,heat_wave
38.27098485602952,94.40593396866133,45.321872667220546,heat_wave
-5.13626225252067,3.94268113685059,6.962268555879758,cold_wave
-7.272252295502957,70.55751725156884,26.621034113760857,cold_wave
-7.161684310259632,92.52483174156659,20.554780130035326,cold_wave
1.2969570071676415,18.057534512733355,17.367166312942135,cold_wave
16.732950214256647,56.79452305526295,44.99166728436362,normal
10.236151304948102,91.54882975880419,1.091169838774475,normal
0.38603981386293285,3.394597858579884,33.189484308779456,cold_wave
22.829702630566565,69.742026724684,48.16972171067752,normal
-10.235429754357071,29.734900737255078,28.008409173092097,cold_wave
0.45012539746527125,92.43961953765304,46.84112310165459,cold_wave
5.645329030558418,97.10582451653677,2.6128939643011884,normal
11.924898895192516,94.42664891134339,20.93966595370807,normal
34.96231729751095,47.42142166574638,13.007889548102558,normal
-6.022835248914818,86.20426509893134,36.54104824903649,cold_wave
15.996410688952814,84.45493985350704,49.064854524862334,normal
21.46901982034297,31.910047324325564,12.82650312221239,normal
-16.74847110960016,82.89154741506773,32.70873007370373,cold_wave
22.528139633100686,3.700763471549262,9.904881637987007,normal
-8.063311341889593,59.6269878482053,28.266512728580494,cold_wave
-15.446388491030433,23.000883728770305,23.19662433441681,cold_wave
46.42198760773333,12.056688577727881,48.60026648157685,heat_wave
47.59424231521916,7.695320162920916,30.42636363482333,heat_wave
36.58781436815228,69.62887758781397,17.475318604340938,heat_wave
1.3229638421359482,33.98749637680661,5.704789244396668,cold_wave
-13.16295201955313,72.47667715287615,7.562341436746728,cold_wave
27.896311855850982,6.535634079894237,11.265846497561755,normal
10.810674561772093,31.529033783061035,12.5483330670149,normal
-11.457323560865483,53.949129237533725,42.53080289205689,cold_wave
14.662383707788912,79.07231648389636,28.061139414126245,normal
-17.592803521934712,31.875250293206992,26.169545568718323,cold_wave
43.65242814551475,62.58913764370091,5.7384435934608735,heat_wave
-1.8854012879988176,88.5977748236187,43.00698466747175,cold_wave
26.376559904778738,61.58631881823046,36.140715160424186,normal
1.8197753262587675,23.295947475363377,3.383418095000079,cold_wave
16.40476148244676,2.440078155653802,35.39175486148844,normal
18.269719554029578,87.00988739009298,27.176910867132303,normal
-7.060188113213107,2.126941085038714,4.086267287338913,cold_wave
47.8709239435191,87.47016726841994,22.915032076432823,heat_wave
34.25929763527802,52.8937134027212,24.234814356502348,normal
45.76492590949324,93.90676985128962,8.288727008163788,heat_wave
42.637914529935415,79.87832357736654,47.284907350014116,heat_wave
21.852998516775962,99.79341105333374,42.49876857403309,normal
44.53119645161817,35.071181545171015,33.451116866455415,heat_wave
-13.805524856365636,76.71882889311269,23.11477805003036,cold_wave
-6.281199630659836,40.193091360924214,20.588277079225424,cold_wave
-16.834089776262335,47.98756203039088,32.548673357547706,cold_wave
2.7731231534285037,62.75054632183701,27.271593470345273,cold_wave
7.20741027826374,87.36771141863387,3.113655294094281,normal
-1.0055677758272878,98.40834691992951,25.625132438516584,cold_wave
38.01162564063505,76.82734138645182,40.32018086164197,heat_wave
4.972732868551251,41.77667821673337,22.961993879847903,cold_wave
-0.33458432188334797,42.13570022770702,2.597828877713421,cold_wave
17.988725821077395,73.75823015888915,39.31390996920165,normal
-10.135304251766614,23.877714576830233,10.06818910679872,cold_wave
36.15378865278278,11.047411313139467,12.931041744401938,heat_wave
-14.781454942416042,35.462215764077655,8.235317671614794,cold_wave
49.08208556203621,28.723899165408174,16.51075324357488,heat_wave
34.05713385076602,29.630812045599008,37.83757528443175,normal
-6.089902292607931,23.360775104990992,25.96929297519687,cold_wave
-19.613451801347832,4.209318963636188,10.244063707535627,cold_wave
37.08229999183839,1.787393473341381,43.89150390760204,heat_wave
29.4800140693332,98.77223897360315,43.97909274757646,normal
31.030501762869115,42.77731337358623,43.52892125230034,normal
33.9889242680162,38.432664715968166,11.939810569076965,normal
-14.816874378613676,67.96472826930699,22.561967209049406,cold_wave
5.092600998099083,21.825388786506416,49.249482807043755,normal
-11.88916583324092,94.99611839502253,38.60062381549952,cold_wave
40.417239811291545,78.6345014415552,1.358371061277991,heat_wave
23.630868877929053,8.94110023122595,3.2602295630246028,normal
3.162861739685443,41.75807757849284,23.19656884061664,cold_wave
-15.550915479978347,87.91183075621647,45.461010293078004,cold_wave
1.7687625200963524,94.47320222914102,26.935089897635713,cold_wave
2.7628325418722923,46.74015112498697,24.890625401714512,cold_wave
31.072432483664485,61.34113892107077,5.273684997831529,normal
24.62902299486492,16.70339460920752,32.8390052362147,normal
42.104891980342856,99.11686261369765,41.105158030011275,heat_wave
13.055044761336454,23.16717013834434,19.021000375378115,normal
-11.628402784318881,94.27317741351257,38.78059254626638,cold_wave
29.92713510560965,64.96466489923685,48.22383269504058,normal
33.254953403182824,60.773679487885914,10.188322956384454,normal
19.28940382986474,51.26885110165086,26.166481559737065,normal
33.96770259681927,23.06698117177587,14.356897904228777,normal
14.565691745507351,17.652803200550828,39.64272095169197,normal
16.591298056739582,22.048620907017536,28.879668294057875,normal
9.927871285098472,18.643826214425452,31.72912087751519,normal
-18.22066112791334,77.95844735667534,39.895707980794704,cold_wave
-12.447600110468688,35.01252591667301,19.798523633122745,cold_wave
-17.799957001928604,5.784267656339637,45.75450342035216,cold_wave
24.54872878846463,96.91026301408114,26.651443362307,normal
2.004918675342868,88.37858849634257,7.8977411417674,cold_wave
15.599948381529195,92.77522831952129,34.79495590844012,normal
43.529653174826514,99.49078226464353,39.66306752191272,heat_wave
-2.5495439595787524,17.38952492194873,15.838083853376334,cold_wave
8.726804612494082,39.62420189026587,42.85896284993765,normal
32.88857969801341,75.82384757040913,45.30716273828832,normal
-3.984128415586426,69.60206180537922,13.845224368890447,cold_wave
-14.61140631198449,15.389590633985506,49.1760736357611,cold_wave
0.2826017039637634,81.58331249906178,7.035576402437921,cold_wave
-8.714509892219692,22.444057183666068,10.100783420124499,cold_wave
45.078835663980115,22.38176148226231,9.211241961901306,heat_wave
36.568426569509185,53.69744228934136,44.69948550039352,heat_wave
24.33826295572964,59.293993484170315,32.714627616248094,normal
41.00224131314024,58.00862078378112,7.6052141611136435,heat_wave
36.25704538293801,9.148683739775487,22.016170918417448,heat_wave
-6.940095877977491,87.74608626303804,30.764901253490102,cold_wave
42.479129894298445,26.560004258870606,4.173204249469165,heat_wave
17.753956934095548,12.951492128280417,44.12081842036694,normal
36.52081086148438,88.87480798689772,40.180176772076756,heat_wave
42.726390994644525,95.56514982297534,25.26033867883191,heat_wave
2.26024324803047,86.21276172654507,48.35633076295852,cold_wave
-12.296365283062627,80.95160747248781,20.888048963754986,cold_wave
-4.044538622064081,65.52419806390218,49.20551595182489,cold_wave
9.897545203837943,55.08573706091393,33.395999940181355,normal
37.261033614574515,8.698675991141014,31.733563662697073,heat_wave
40.25114082794404,40.845321307069874,8.29774476478925,heat_wave
-19.51335086281665,37.2688517012314,44.0963879152322,cold_wave
15.7523111804296,25.97537837603262,21.37448439603076,normal
9.21877022041453,72.3420113688585,8.111670289123968,normal
-4.452453267048883,49.58757350787708,0.630375998787952,cold_wave
-11.609424286642204,8.104621590764793,27.987784181919128,cold_wave
3.6330619982539574,22.018320194981133,26.369981106133817,cold_wave
46.003679273876344,68.32587636595959,35.967681118457925,heat_wave
2.6242052414528665,7.613085949030019,44.512902650890105,cold_wave
16.315343522035626,85.12069140487687,3.9703292321514763,normal
29.211327122662446,49.51465270139743,36.574824517018115,normal
5.454072166550578,48.0586577326648,9.370597204879111,normal
48.02474579046725,59.24077846595176,42.9088526578582,heat_wave
47.37131064594779,82.46809659251491,40.953175693082805,heat_wave
-2.37523929222451,34.780920790219305,27.03968774927722,cold_wave
14.807395412466981,67.80161525590636,35.51213993116558,normal
1.0614816871738775,56.5731963995791,15.71750565918742,cold_wave
-0.0611653935772658,26.70282701694213,23.558394946640732,cold_wave
-17.417913685182704,87.8629986355158,41.08184488552358,cold_wave
22.66950337859278,79.74260216069281,22.963259858660695,normal
15.187531626020302,65.84518346584255,17.88991326627209,normal
-16.396487412500747,85.05817290942419,24.710622362514993,cold_wave
-0.49474750343719975,86.72942009598023,41.41246262186092,cold_wave
43.57861201766576,70.83629767150347,16.760402368543637,heat_wave
-3.2306676533119294,83.7013328363672,8.68807965678719,cold_wave
-9.857358953614384,69.74714616692836,35.60070101653904,cold_wave
14.26169321942941,68.01407717603004,41.29891063540409,normal
48.99553178774205,61.86113782151843,5.031873926176667,heat_wave
-3.0561309941949695,75.27166395576413,11.993705637797236,cold_wave
27.0494883184115,15.86051052930737,7.098599488049695,normal
33.31337307301023,88.08707591989284,17.39707057910833,normal
-3.3653719205320236,87.1843527745232,22.517548945270633,cold_wave
30.975144402830168,2.9247283034559146,37.44131684816532,normal
5.744819290347724,82.58167505647627,32.557379244083705,normal
24.26140814155056,12.886986747344519,31.046428373921557,normal
24.347079753262626,33.51188542591419,17.61874733048272,normal
17.504227885233092,74.35082562916078,42.072377654238,normal
-13.679716096191418,16.07598960483082,23.564358369908227,cold_wave
38.47117469124666,81.79670241190622,48.95524690075773,heat_wave
2.454604548021507,83.21341779577419,31.70710691478684,cold_wave
-6.943704272010203,50.746773376083624,6.313237078225137,cold_wave
-17.145740091166527,0.638587171683358,33.8088781037717,cold_wave
21.362506023176927,28.703813317491278,16.25520077158495,normal
27.42950532895977,61.69269183757422,34.31635983430487,normal
-18.83885197505007,98.11861780274235,3.482057408120287,cold_wave
15.846514080949667,63.18135270166684,8.74407185879797,normal
-4.145295736144343,25.98035810641598,42.786862945289315,cold_wave
25.162095328661493,63.40057030996113,11.358977851175744,normal
-7.7943499696505985,53.99853797158555,41.852056262147,cold_wave
28.365641667172618,77.98453951511436,13.963804422720521,normal
7.07147424103762,10.698063882695841,32.144095502935386,normal
45.57109921157142,76.1027902502028,34.70752867549155,heat_wave
-10.373533909780473,54.12665786761103,25.632737657252648,cold_wave
3.874644573518097,96.29920038589947,15.265533834836564,cold_wave
-12.056853513158766,34.187216603868606,10.632218818554806,cold_wave
44.728553279499394,63.26218931339481,1.659467728121311,heat_wave
41.41375473666867,93.20281055100175,15.19732006203619,heat_wave
-1.9440860599391065,10.250972799067926,32.65813952656415,cold_wave
26.19888322239253,93.72284872364511,46.91524092242413,normal
37.20555401408511,68.78857223008133,43.5602241131526,heat_wave
18.864056811962364,6.78370591051719,38.30323882676513,normal
17.075540484920452,30.096356694681624,39.42236716266493,normal
-3.070339636968381,70.81720886452815,33.249245173799764,cold_wave
-13.482806253587055,6.73506014687717,13.01434287830015,cold_wave
42.805103056732875,58.217046017627325,45.359751535291494,heat_wave
43.029264001433134,34.588305695295674,33.5366155952917,heat_wave
24.317102009128753,62.091551776747714,28.022031549021996,normal
3.732085373409049,4.5742033812512854,5.5494734606740534,cold_wave
4.444670222886263,87.15368061523763,22.35277719032127,cold_wave
30.816897520916754,97.3488969177397,23.017913560096314,normal
42.7977181966804,96.88778552856915,43.228180476133495,heat_wave
42.09604969855821,74.96518317429248,27.332411009389425,heat_wave
34.59128821003367,13.008624013063198,19.020027448520484,normal
24.942215230800144,75.82631959290225,48.840016425532966,normal
-14.11020245034658,2.458691645880151,5.536029666315784,cold_wave
-8.685990013377037,2.2123551528997254,21.12742141559723,cold_wave
42.89879319689555,32.36102191495412,2.1012337585702645,heat_wave
22.450034176171293,48.864319040466576,36.99520603834652,normal
-19.356206386835925,77.04074178077931,45.90382760995753,cold_wave
-12.896991999377754,68.32953766065052,14.001866477524471,cold_wave
26.445123837563905,44.590270637674834,42.91708383995604,normal
-19.64568913076469,27.362666628166586,14.610911523094888,cold_wave
-8.743436400775094,99.71245001577111,45.53850808219576,cold_wave
18.411365255661032,42.6181302235973,37.6980951798392,normal
28.43266383848853,45.13870243296755,40.24533884207193,normal
25.637288165182035,16.362382119166917,0.900327780022725,normal
-4.301148337760814,79.48095487499293,48.1405178537013,cold_wave
29.852545494327508,69.36822257814886,36.33354960351616,normal
-3.3925638752239955,22.07696127887604,15.237554769306666,cold_wave
2.77797887114874,8.238104561584269,41.46973324294235,cold_wave
32.25439835826169,68.0499302074713,14.076059920746498,normal
25.474302933305026,65.45112142811352,43.6376919783064,normal
39.44563873459246,27.32595269982093,5.6290195205968505,heat_wave
26.032902461024037,95.08635622504103,35.184298873039786,normal
19.781602233483014,15.105789178090024,27.034923832245518,normal
-13.442766252033527,43.23348010426019,4.826723509772041,cold_wave
5.740106214160345,94.36159201675989,12.094691412941948,normal
-1.4358342622792186,41.97273169261223,0.6202018138657395,cold_wave
-2.9207249634641492,63.85259476640856,23.438398273225292,cold_wave
48.11073883267119,39.75943979627943,15.063263038000018,heat_wave
7.51684072667323,27.421520234867003,29.91787421488794,normal
42.44325886239793,98.39776479598282,14.86189038543086,heat_wave
24.179703819808402,40.9334006315043,14.995955575349235,normal
35.63679124791539,89.40992036791344,37.15965993658017,heat_wave
15.184596517363445,22.995460589108617,2.4071417989176727,normal
20.383271923845136,21.31047040250833,45.144749759599364,normal
14.476238567320472,3.113408288451136,42.61319371955907,normal
-6.3329908541368845,65.1666825375885,33.39023416132033,cold_wave
30.57164806830537,36.852634372376116,29.661078505369215,normal
-0.3459346291400962,86.4358249839637,44.615124906982615,cold_wave
-18.297882349798233,47.32099066915572,9.266508976435722,cold_wave
25.183060713501746,96.81934279147217,3.9484581095414306,normal
-7.6022524415065735,18.552551570312115,11.975508495476905,cold_wave
45.832100904704006,86.86231679556109,39.728913935009516,heat_wave
46.77500039018112,77.65968527917417,1.7335133363241662,heat_wave
44.0405073154314,77.0921844644052,29.140341754174482,heat_wave
5.911109017881106,84.47832281168877,49.77187580956549,normal
-18.91803684297928,76.10239909429988,42.78480469187697,cold_wave
44.98229938114078,62.62203216314154,26.072284452179474,heat_wave
9.972890382212004,13.124487768238758,3.182045464332117,normal
47.66583733305687,3.2526179491251916,41.568675719285494,heat_wave
47.45339839624769,92.08478478156869,29.94892540886053,heat_wave
39.71066188271521,61.665031452073805,5.746649852978342,heat_wave
0.6114224448709997,79.65372909761763,4.69286424116781,cold_wave
6.9568410021347695,48.152235151255006,45.48134097182962,normal
39.579567006179985,11.730818896239448,33.46001314690392,heat_wave
2.1845403609394367,12.518579220255043,41.46433996583777,cold_wave
-8.135507731973526,68.55652872289714,43.94894501411336,cold_wave
18.97608837208451,43.030589489946266,28.58861760241611,normal
45.53083419125467,20.052472670033673,25.872317587752065,heat_wave
28.72208576724811,49.15945467414369,21.521370516049508,normal
19.904281906255548,6.420893707513409,15.847329389555965,normal
-13.197645436046201,58.19714019143988,21.729798042935588,cold_wave
23.050505868941883,26.899340443509768,38.69398278650782,normal
49.303769507298426,79.75591006371882,30.09617155075658,heat_wave
-10.194118933443319,31.036195892357377,44.6261644977423,cold_wave
16.283075665461574,45.52201490818012,22.169000718959385,normal
41.41611503495688,1.1620539908100636,30.3544789359377,heat_wave
31.853803242794314,7.244688779455888,31.565377654599438,normal
28.791101869668758,39.24935564066848,29.584858115316276,normal
29.173885879097647,47.99388347171235,35.13168865427582,normal
5.164380585382862,60.00205481193037,11.871673418740315,normal
0.5514290985145358,29.166257870930323,25.618188877289533,cold_wave
36.655280883495955,69.49818861265426,5.211240140417384,heat_wave
36.707937627542655,86.01223971892045,19.22556638224063,heat_wave
40.69506230060726,77.98509888933498,24.38335343106322,heat_wave
43.92683867895299,3.9618825348357145,32.611212977273624,heat_wave
15.793967920265644,48.0506947257829,47.526552629310174,normal
15.106140628103972,10.493017841817487,30.032553327417794,normal
35.88066252767426,24.204501586252746,37.17969580882799,heat_wave
25.497475154443563,98.66625932671465,25.313302974760138,normal
29.137681408039235,14.249554290151323,31.705201568816566,normal
35.705486860527074,49.888815345135605,3.5466108066886717,heat_wave
42.30037392722964,61.81557343181191,12.719579042092349,heat_wave
3.659660979607505,70.2464970544104,18.092654660256933,cold_wave
6.290806684796081,55.96486834869141,23.624667750325678,normal
-13.421264211139171,0.9770847419183659,2.282437275119187,cold_wave
20.47960986973218,32.64613082439919,7.001204877665884,normal
-17.484040834228054,51.771164338471145,13.84071538956529,cold_wave
12.591861269272208,8.786649914483336,48.576634545052535,normal
17.985124429530366,35.06269312091808,16.567350355152538,normal
0.05788764897990717,3.3203108791366565,24.102052905604125,cold_wave
21.358328239830755,7.857849715502074,9.804885636919646,normal
-17.86498250426654,39.69232762015961,30.53900355378841,cold_wave
-17.38562678755499,13.271575404306034,14.034160775798716,cold_wave
37.58203924617608,56.75408482615582,10.349628921921338,heat_wave
5.213344898788403,68.94649691372658,25.828631422298955,normal
-11.105764114368066,80.05866991090829,0.27528995802104106,cold_wave
16.557028203836303,20.01502442448101,0.3832016324612664,normal
33.89954871690276,16.748258225906977,10.953440455092888,normal
-4.892528075220978,10.456784033440025,1.836068125041057,cold_wave
23.60233330733002,63.64302495436367,5.401287706534569,normal
-14.025677450436241,70.64757264869012,16.94303246693758,cold_wave
-16.38227951819746,3.1586144825642037,40.12928397899064,cold_wave
17.19482420977036,93.62122462436898,28.602432168465043,normal
17.844458512707455,5.1971283651472415,25.63338629782082,normal
24.620093104874456,54.12963353010704,14.674441160406083,normal
30.82639336058631,70.90605194509165,46.587685971640816,normal
48.309645562377426,87.09691237460856,19.850752061859584,heat_wave
16.141024381083675,71.40869321324278,4.354638339788575,normal
2.606953105887218,80.17280830697918,30.853325805890066,cold_wave
35.663033633809256,33.94501925428061,5.69191967383007,heat_wave
-1.0417424116548055,81.48251137465122,17.261157140084606,cold_wave
10.727999449394527,8.011484638467515,25.370596935890443,normal
-14.508053306041383,89.48166560605276,43.71112623425879,cold_wave
-18.225447960917975,54.75923761537362,24.677329017005935,cold_wave
47.38538902745475,81.72977699624937,35.11293830158321,heat_wave
38.51860843585441,45.23182845183001,49.64084194995352,heat_wave
28.71819442655886,64.35776951965249,6.574455994899081,normal
8.626706108998892,52.640266093611324,13.736576275975976,normal
-7.869397595040796,73.15895217553319,19.72880377988232,cold_wave
-9.049407013023977,8.162998203058958,21.09140892694157,cold_wave
-2.4829971284783277,6.03520839905638,20.551053763277288,cold_wave
18.445866529428436,24.710323401014644,45.380550127827746,normal
30.02171458900436,15.954468011318834,35.70163222334282,normal
26.21381637024119,87.17835665922017,30.395260704535186,normal
-0.4046272137839999,21.92139873580443,15.468635893139105,cold_wave
46.84056964642359,97.58652558191314,41.189519211064734,heat_wave
31.652784168703796,33.68957917711069,47.75302557424945,normal
18.80478367579805,18.211791568869927,41.05991412751133,normal
22.820452236404655,78.96985071424791,0.07825525957364521,normal
9.372004369945294,65.87077755008761,31.82006850917035,normal
-2.658830734918979,49.8195716453139,2.5567690721050362,cold_wave
4.918087505588311,55.53635509376312,12.880361016686093,cold_wave
33.04922773250584,71.92017782722638,2.9762350173885843,normal
-18.99245579591709,22.845474133129873,30.189772647469386,cold_wave
-11.874915164515864,99.63339160567419,34.32949567463034,cold_wave
-16.779815058477308,97.4793162146783,5.724381903295256,cold_wave
-17.14898383767209,65.03256863469369,19.191944152248976,cold_wave
39.8822408807705,19.954245092914512,22.8118254477771,heat_wave
29.25605015660166,68.02282424312914,18.45265108804583,normal
13.192168036112761,7.219840897917584,6.0512500242596525,normal
-13.151608754429898,3.0652502205806065,20.94738950937377,cold_wave
14.413111258178262,25.76828885112137,37.558902390420904,normal
13.143023954639595,46.26229567393163,3.550383226662773,normal
-7.875869106298937,86.82725054083805,4.009000704095173,cold_wave
10.369615446658113,72.7169069766308,17.73856459179921,normal
7.8953314078161405,74.2706521199981,47.08628558094625,normal
23.109506863655156,42.54933344480754,33.428632336145704,normal
24.45655556073507,34.59349925469629,33.93349783362824,normal
-16.828719315956885,37.10387629846027,18.09599954189325,cold_wave
6.222883023852987,98.76495637360578,29.68303956042692,normal
23.810194099996544,4.010919141248248,0.5065592013871689,normal
15.219538100606137,86.70314961224486,31.80480232047711,normal
39.954288883182556,57.86754085723934,45.66434737881184,heat_wave
26.10855421332615,43.86154191895905,30.62867341724096,normal
-8.594590104299922,72.52576604151365,43.68492967331725,cold_wave
-15.06018768196991,48.666894142470284,36.19865277330469,cold_wave
24.96934947444209,87.34232380816606,6.027920820184512,normal
-18.144208262086472,90.07018640112585,45.12266536429209,cold_wave
21.00429068914243,42.17209268734554,3.322192217788744,normal
45.81611689974703,27.682779723505156,26.69837362738819,heat_wave
20.28319245131153,59.23503285933622,7.106856189672883,normal
7.171894834456534,91.2363345616691,0.5853305365452033,normal
25.03017529096472,21.066218900566657,21.10171300638195,normal
12.077702334406162,62.296658356348274,14.752035382707811,normal
18.193175252115445,63.156022009252055,24.30002468988015,normal
45.90253661435676,73.3113022415281,28.85999433672754,heat_wave
7.027184646054199,13.15676851272598,2.1869536154473677,normal
47.283339467674,71.58249646820886,6.150164756187282,heat_wave
43.374544936924465,90.9032520665641,27.93211982252127,heat_wave
-6.294620564749248,17.968310887024195,17.158367658632912,cold_wave
-15.144708938738418,23.754332492387764,36.4586743774724,cold_wave
-12.945539903580134,97.13950940416396,32.614582429596986,cold_wave
-18.724472204391517,18.097695270948975,42.28021814949534,cold_wave
-13.388992747085013,85.4385093369579,34.62464133346126,cold_wave
27.81047413914498,49.227785644803475,21.496553869507405,normal
-15.016794607783972,24.723107440317705,33.64833111972162,cold_wave
2.3282941205632923,87.07499012725114,13.769058712770926,cold_wave
39.14127176786182,44.53052550026655,15.315674938910634,heat_wave
-18.37096449849219,51.48173539296902,39.44925799603966,cold_wave
37.012793781225504,35.92333693997657,22.32097582007911,heat_wave
-0.2701657658620036,59.29508514349274,39.919017025917626,cold_wave
-11.728462066484063,16.352387258502276,41.12111868341392,cold_wave
28.771601575490543,39.10815366517607,42.87811688306419,normal
24.025999274591882,96.94123223352875,45.83176179206036,normal
41.42304094689371,25.813343270112753,21.549261025664812,heat_wave
31.454973066272004,65.67366645412922,15.943340916056941,normal
36.2436651269394,32.51900642246949,29.109937329705694,heat_wave
-0.25757992000854557,77.34731256866006,18.558621171881377,cold_wave
-7.579231935419402,13.087366071834982,30.05370834001165,cold_wave
32.54303261486008,96.98210450785447,35.27929313219123,normal
36.47843174870848,45.37895413836392,34.42025092460684,heat_wave
49.33535994004713,23.605046334646396,18.727644351006067,heat_wave
8.883237383799852,7.349674733001265,8.34301008493764,normal
6.041266005494823,16.975790508754073,21.526466923110377,normal
34.34890725193978,51.977394855601766,7.129707204095437,normal
3.8562478177112496,33.70031764312863,44.504851759190416,cold_wave
45.15301279224953,82.88833658826094,17.29387303689287,heat_wave
40.08889262901083,43.08875236618059,7.722987361166189,heat_wave
10.029581916251285,24.871427258762992,1.2723879952875439,normal
32.56097474540481,61.714498660403,32.29111931432421,normal
32.81800118592776,70.67772168854458,31.84511587273716,normal
-12.781329181484718,16.704190790094987,17.030208329064582,cold_wave
43.17870346756967,16.761921628831765,3.5855944423825505,heat_wave
15.367666071350001,3.667142693354297,20.4814447447616,normal
37.85202262754191,73.64020150656405,15.56087475316968,heat_wave
2.403472072142822,66.38045276218051,33.856031986750466,cold_wave
42.68662599473403,47.46308757498139,30.288962472634516,heat_wave
7.244117511391419,84.41704489691972,18.229686409877,normal
-19.241364396379115,80.56701529500532,10.894627712749505,cold_wave
43.37673834934846,58.535436439675216,49.40179830777959,heat_wave
-13.60993262497065,86.82712805132586,22.700081059805743,cold_wave
2.35195463132904,20.584121003676824,34.413711789011856,cold_wave
46.50433769355635,11.191961939772789,7.027648378918039,heat_wave
46.54250028562893,26.974961151698963,24.27948498296989,heat_wave
20.140652168630027,5.708685608931486,1.3768359934732743,normal
24.228604851885947,53.1169528001032,25.272755895522497,normal
11.391186538482383,93.66056922949615,48.200870355885115,normal
0.5247540188645168,3.9343540668509647,19.210335649290013,cold_wave
3.0065181758941186,12.21099140100268,1.9498006287455794,cold_wave
27.076291925392688,45.21990282834353,1.5477895459671764,normal
32.6662170606376,93.38750175279048,19.399337997343473,normal
35.4105330608094,31.61561049767505,8.001246823159702,heat_wave
35.273269995618776,50.723480868839246,1.1676048164092956,heat_wave
-13.615572786591674,4.15728590503921,37.81068069750884,cold_wave
14.609421329180705,14.834320096208886,22.926150444094535,normal
-15.9708867988349,98.66301229588468,14.462238598632727,cold_wave
18.46702176266149,96.51186964360456,45.00415915082404,normal
10.90713509613639,0.49399809344096157,5.8069480100262805,normal
42.13929279308098,95.18117854232389,47.79594144776596,heat_wave
4.5640508786455065,63.91199378155004,15.698335868867641,cold_wave
-11.80530885006759,86.79182945200222,44.42018361543406,cold_wave
-9.99058225630149,45.47398556338591,30.147143823973078,cold_wave
33.305744220223055,51.55960285792502,41.33536798707437,normal
23.275264432138272,48.88465802569202,49.20065816052321,normal
-12.921412671404683,66.68642575461044,14.420271890937286,cold_wave
-14.11252357195018,13.96512547563129,48.05677427037965,cold_wave
29.0678392021384,2.9973589872677953,19.47409474512102,normal
-14.906589554506454,30.79299415911909,19.275595236846115,cold_wave
37.530204150324934,70.46807627366466,17.019355212725284,heat_wave
29.436955900954736,20.185345212294838,27.07038036737926,normal
-14.305585355067016,67.34324333249174,7.707252158924355,cold_wave
-14.061360014036566,96.99120461072704,27.68557426790056,cold_wave
49.064770495082286,9.39007157894184,27.0852406205002,heat_wave
6.198955702928423,67.26021182251263,38.0950906302435,normal
5.944950294682364,44.375021930457116,41.68249809687928,normal
36.89596970802518,86.81422543775054,22.022067515621202,heat_wave
46.30740041687011,17.71497894473859,15.116662467574688,heat_wave
49.02007446760096,69.26259522261645,12.966744865854723,heat_wave
32.736472968125916,83.81152896481102,9.731191835243596,normal
6.338170987164105,94.46142194740233,2.882379109951244,normal
-14.154949831093187,68.32480282896458,17.122398941735668,cold_wave
34.400284114920574,49.71747640084273,13.512384606539163,normal
19.088297481506352,61.78472402012139,48.32086929332037,normal
9.69554064728834,86.89049844787182,27.885441312502195,normal
43.44480695663152,57.060974663882966,17.363851951525376,heat_wave
-12.216176238569407,3.038705969683686,29.0233800496848,cold_wave
14.48375730036014,93.09486955069778,6.959835067284775,normal
-19.205244866280665,68.95267510315611,22.202187460110146,cold_wave
12.806244939588836,67.65133857772466,31.31171607105319,normal
-16.058770702271385,21.567515239771716,24.444891589622568,cold_wave
-11.682745861234965,65.88854702326572,20.088940032716213,cold_wave
-11.773162725602658,39.386440565415846,49.69241944498491,cold_wave
25.44472114812445,65.12329770414921,44.01573810744635,normal
32.22314154857963,10.659303030799073,31.170297907972007,normal
20.83581355680117,65.7845304603036,28.46886805911414,normal
47.35207839321794,99.94137257706666,31.033023991229204,heat_wave
6.240940566659283,4.821203886055603,10.065605391121663,normal
-0.00015396026974912047,97.71741842213173,19.75688716321593,cold_wave
40.80193897326222,40.690796072287064,1.972976644544966,heat_wave
-4.348291303638316,87.07534503372591,23.777301874341333,cold_wave
47.4255777608428,78.23854840582734,27.151229197883158,heat_wave
-19.149186771712856,56.70162609866678,11.38748680516048,cold_wave
47.89151786953474,73.84492092513266,48.201442358275685,heat_wave
-16.978806163459673,87.8515561301348,45.4727305468621,cold_wave
42.380017958864975,40.4140321651033,36.107161772795294,heat_wave
16.93907763604099,32.70331615632387,26.66933143826813,normal
49.50753572835103,66.75933855635847,43.498457982384245,heat_wave
-14.83424046852208,80.78459419412586,6.532617191173146,cold_wave
18.769799908092452,76.22851347766158,39.52548971374425,normal
47.851177493336934,79.78136488586345,6.241040698342415,heat_wave
16.616849091910417,43.5583314812933,39.71053312747027,normal
24.05790466946838,81.78342161750216,13.788378412567848,normal
28.702408228923204,12.020905537060845,43.85452905090945,normal
11.817874533744124,54.448909796084955,47.202104691269895,normal
23.92906560588444,0.575866049812157,7.439798470255782,normal
20.902001834617018,32.45858299002703,23.133780253269677,normal
43.08106073436923,36.646153487139784,49.049368908134255,heat_wave
-16.81875337609795,39.61726916092554,24.17037179865733,cold_wave
-0.3325767285438772,69.54672066898621,43.17737612572726,cold_wave
46.52880388535911,38.85581012703457,29.436576106565994,heat_wave
42.31846487236414,44.86936226225306,18.766495395980094,heat_wave
11.895972694999905,23.754413087432745,14.28917777629351,normal
23.409281846107568,37.325179162934006,10.161154554304364,normal
-0.5833171913207131,22.726962726315147,38.08990956888486,cold_wave
-6.831518819336708,7.319592376844364,19.327025341151394,cold_wave
12.458888345798748,60.34485933813779,25.56377311003756,normal
4.734655961823698,66.82127985550163,24.616274000059096,cold_wave
20.855927829561047,61.94903460096145,28.863951461656562,normal
-14.558575412451061,46.34940438005724,43.27885728122761,cold_wave
48.207636536631654,37.978578017922985,49.03696717917147,heat_wave
49.034752113572196,86.33336495718252,20.379210428690847,heat_wave
28.871319981382157,51.908178513621806,41.37594610531515,normal
17.52674564408843,47.9181877629731,38.22638973273588,normal
1.6669331400429428,2.5642065806435688,28.676447572778663,cold_wave
36.96565137948641,34.12478276261564,47.80235718059666,heat_wave
27.93118207877155,38.019561878585705,10.02372577642014,normal
-8.61681424585761,39.88227808969005,5.46321051548107,cold_wave
43.76490291456897,58.017236922733225,42.69809834777111,heat_wave
37.57760700462183,53.360254672687844,21.957490831687416,heat_wave
46.48599393043469,60.79050927934446,42.34844271035303,heat_wave
30.800365587185198,76.48832615421283,44.654510259770746,normal
22.93906371550529,81.29857387160935,3.122879680953572,normal
9.277012540343321,71.81230762264944,44.17323814930303,normal
45.290993834780934,95.55236959549347,22.415952768471108,heat_wave
40.62447226502859,1.823258267636163,25.52162445021161,heat_wave
-16.83469309256674,19.57779856835461,31.329625554660513,cold_wave
-18.15431178519236,0.756287497814212,46.31913033650434,cold_wave
6.352435681463472,64.7474714154603,0.9558047214882015,normal
36.7387331547283,89.8030548949987,23.842173415890855,heat_wave
49.10932905204611,24.34822965762993,34.38610212152803,heat_wave
-9.470817622753028,92.70345447963066,36.135347884911425,cold_wave
21.58915007464946,6.026739028956085,34.6266215768554,normal
6.662359964171507,93.44360268055144,6.721756470406093,normal
47.89400784702222,35.16226872396344,14.96977941858406,heat_wave
38.94832461949961,10.142082844921651,17.935776270850674,heat_wave
38.68300932977965,48.58717591863256,40.22186038397525,heat_wave
12.808521185647919,25.677656772050796,13.937993620727651,normal
9.037365163636562,28.487290196192284,10.535248193360157,normal
-0.8615049648505639,30.728996492628657,47.87240095190481,cold_wave
-16.053715234435103,80.30258978326634,0.443164255673445,cold_wave
40.53056633785373,53.91612766752545,49.89104278409891,heat_wave
36.90307063910543,31.130769915600364,33.84106494286978,heat_wave
49.98023713002914,61.03337833109184,41.423464972455854,heat_wave
49.764578595173376,71.61506742231936,14.730969817309658,heat_wave
18.880219392183918,27.262400073353376,0.7157638833529989,normal
33.82911906263573,41.354910152535155,36.893475928076505,normal
46.13360109176996,12.188609333694755,41.70722985003379,heat_wave
39.4753173474188,18.11493495346803,37.02380659767596,heat_wave
-2.6856328779761647,68.11178539649828,7.142514365041929,cold_wave
11.538089471706545,18.143834769562694,37.671396112848456,normal
-10.958840939395351,52.516338366706016,38.44613910538205,cold_wave
46.78357190811056,70.90462617224327,32.92702578350274,heat_wave
22.432224411561606,10.687692309474384,38.30579663977931,normal
-3.9950036147576107,56.73122196289035,42.296071983886605,cold_wave
27.019047908409974,25.656278370136377,30.680205711872922,normal
23.268976832052708,96.29268752375798,4.430235698483953,normal
5.071390262298834,48.35456467199247,24.381390483360544,normal
-12.050968546025969,80.59925497751581,3.8824667335802534,cold_wave
27.01012369149597,55.022654215626176,20.37715155162154,normal
16.421539063265534,4.341253285481916,20.35532445628138,normal
34.06228742149475,63.31513755940223,3.300492207012079,normal
16.411445077839538,95.14033422066571,17.441026698473966,normal
39.65270502229781,60.16118201463312,5.549904939565742,heat_wave
18.633478714213986,81.91888594267903,40.41176050046111,normal
19.265658007477036,88.42064633484078,47.38440129822354,normal
41.36575218608415,22.807977194893247,3.6158237628969303,heat_wave
8.243800634867792,21.204483990822666,47.75576036458507,normal
-10.618934008455149,61.09809888509917,26.12882996683726,cold_wave
-17.98521265806627,41.10284698067047,14.978283897693695,cold_wave
32.85960789715333,83.98613028667204,3.8431037638081755,normal
23.421668594742528,90.00231233980112,25.03121340352089,normal
29.28558376694565,35.34213793027181,39.72577722453743,normal
-5.092508694376249,23.687055897448207,35.354323863334905,cold_wave
-10.453996708926116,78.05255152438619,2.511300573198688,cold_wave
-18.981873403248265,27.48060355481361,3.645091768395176,cold_wave
4.541129116461789,82.26143185136785,20.143664131631855,cold_wave
21.294238079824318,42.37382536487628,14.764524702397164,normal
7.457083156981263,66.75498992914704,11.619216152802391,normal
10.623244541661034,9.553531383466819,14.05022494543568,normal
43.29110861456239,62.3859324676573,40.17413716484423,heat_wave
4.377882691631026,45.17676787372291,46.461402681592695,cold_wave
15.979264241186755,58.66084631754741,20.255134726378323,normal
34.855710891880015,16.801420774486342,45.30555010662486,normal
7.757994762488913,73.68737449441821,16.0747850623941,normal
23.546069015951147,86.27970775432286,23.82184931718958,normal
40.36545961227216,21.673980009077564,11.301449890799987,heat_wave
46.466443656034954,9.571455552016172,32.0238021087922,heat_wave
-9.704856334967344,2.3638586046336396,48.94905575874044,cold_wave
44.861133761304615,64.1971500443266,30.17465480216893,heat_wave
14.448140515567673,60.70940360887808,17.890704205677444,normal
-1.922892819072917,54.669741271407005,32.39087229952642,cold_wave
12.13950293667829,23.194709611597542,6.146033923269378,normal
48.602280269983396,39.09059959055147,44.432954013269935,heat_wave
14.48326657950087,59.4476335186173,25.154197538991816,normal
3.012612720125574,49.67668588591694,22.467487101982105,cold_wave
24.338059802170804,98.77855202148874,29.29323942267596,normal
-3.1898066855264844,13.643975255673313,31.239193139470125,cold_wave
-14.689567032393526,69.51445540475937,3.5887903113256514,cold_wave
-10.978419466254554,40.431876810429216,34.13086106117012,cold_wave
-11.036791272955929,42.819961492561475,12.096584015776479,cold_wave
-9.366811454139395,71.75977656581762,35.69763162532949,cold_wave
-10.282097914541291,69.24361513243696,41.12673971920984,cold_wave
24.86123213622502,99.12559937021884,40.197925377626014,normal
-7.268394092059863,12.839428945412523,27.625048370394456,cold_wave
4.196709832670425,10.410964938416633,26.008494615537558,cold_wave
42.77518869342083,72.43388171287411,7.143798066970586,heat_wave
13.177314818401065,57.83869170064091,38.76730752015678,normal
26.729041696471903,27.416066655980586,13.570469022335718,normal
-7.937609015885911,7.9419368988986605,24.834771140897328,cold_wave
-6.539768683393046,8.565824959643054,14.213704646375835,cold_wave
-17.13919686134648,89.41908746641182,6.691418149984657,cold_wave
-8.174545584948481,19.18673247187429,31.47788484458683,cold_wave
-0.498676267762896,32.33715621155208,2.7166017411451913,cold_wave
-7.609266100627723,22.6656402226988,37.43226170631,cold_wave
-13.790822637006107,35.49963058319373,15.879339763055834,cold_wave
-11.555489022957943,6.942384274609337,0.006734650224266003,cold_wave
12.254513762290806,51.90597909082704,25.55645696186149,normal
-5.556639711594524,6.76125635922149,2.3425954263801563,cold_wave
5.498890273365284,80.03565078223616,13.808477891044973,normal
15.239208959839985,23.3712081910433,35.348824372785806,normal
28.327638004055572,54.00119146045106,3.134481081093293,normal
-17.248150211123075,88.00790875614582,41.96692461780012,cold_wave
35.958727923632985,65.08773690471942,0.1909961329291554,heat_wave
23.95302726436354,53.29577865513353,12.341193460095113,normal
-14.276867763578966,32.43337531153756,37.04520280760357,cold_wave
41.150503687474405,33.300191305819794,15.813507486465339,heat_wave
44.46106803722692,66.94869551981901,5.094619403300676,heat_wave
-15.724542810159537,99.41393612211675,18.011695940021394,cold_wave
-0.6185646296957401,66.18391898493786,13.519664319226276,cold_wave
36.43408958551429,55.77834173700249,42.13559510802774,heat_wave
32.37817832685609,73.06505102392461,15.667395879257157,normal
-7.083528645053587,46.52056122837182,39.446623588800364,cold_wave
-5.345547366430278,6.0142342600785215,44.593607240536734,cold_wave
5.933047195396739,56.22968158779098,21.690870978826478,normal
13.916608963371495,95.76252845053801,45.4971571927196,normal
23.277834007120717,17.530294235765965,18.865902698159644,normal
5.823954769884068,69.00048908206658,48.20392082450541,normal
12.377430129320352,20.093368865905646,4.464476226278647,normal
32.32296566936296,53.582768447308126,34.350963325162134,normal
-17.432175797658147,9.667644964671961,24.690702022846434,cold_wave
-2.329413895918549,45.037093625818514,19.382440272782354,cold_wave
29.934471011918674,75.61633288952461,31.635593937430045,normal
42.66447863810395,34.757152423898205,35.19285458171656,heat_wave
15.817420948096625,66.4911724487218,0.21816348251545437,normal
17.247943968572095,79.54499607897291,8.347654437359935,normal
-12.497959206215675,92.71778194794527,35.65230253171593,cold_wave
11.318865677641824,23.464208185545353,33.31927067891032,normal
17.283208651851623,39.931591580930814,48.30237525643386,normal
-3.027064745568925,15.241601333041743,38.05188951253915,cold_wave
-1.1529738335433315,99.24835021583752,47.5386353865669,cold_wave
6.4098914173235855,92.70009679242953,35.127025076740345,normal
-18.595016155559154,53.99571302805596,14.902610431972157,cold_wave
2.5455415908224808,84.20332943764213,5.2682461125428235,cold_wave
-5.198639510241875,52.09579772720422,39.09119316724678,cold_wave
2.9248146524540246,62.35856880027597,32.2074610737958,cold_wave
-11.616650772652415,8.912443211601662,2.4093006196648115,cold_wave
42.336909651792645,75.52704204968079,18.002523295048917,heat_wave
21.551471748783406,12.771348363523483,47.83999077421431,normal
27.53716234011427,82.60676302525283,25.02005728551006,normal
35.24198670251368,78.20280876703859,21.636456800985233,heat_wave
14.890953925034012,70.87446977429764,22.8849802579647,normal
-13.915579833880342,3.6160380524762115,10.444136200258185,cold_wave
17.597457927298343,30.31283559453286,18.43535854323976,normal
21.07887826146154,26.311256991084285,18.49066279935883,normal
32.1807631929031,36.01364074715191,2.6177510093736203,normal
10.216168236077557,8.764274676383854,38.37838142589591,normal
-11.069378804310537,93.69578230310628,20.82522159519395,cold_wave
-0.13568659408928596,55.38022407123763,41.10899434082116,cold_wave
5.415760747904457,30.552431065802356,42.51740005599477,normal
25.214206893212086,39.698151707428345,10.599702734932903,normal
19.95448132682383,44.72025405048357,32.86767410850643,normal
4.926770812849238,60.05943333606173,23.614090208149086,cold_wave
49.05606741550858,51.567942769649775,44.00783689607425,heat_wave
22.4042373549821,91.93919732144174,10.787033958822706,normal
-3.394124578480387,49.696348290583025,33.89066001550221,cold_wave
-12.875226916571737,99.21580148233127,30.387606112636128,cold_wave
-9.299860257096759,85.14249577450957,14.76507387859164,cold_wave
-2.7829590130844295,20.85105143573358,6.830045182558631,cold_wave
-8.752303871831103,93.05952146439162,32.58198802386383,cold_wave
-6.940308316408597,11.636639788547608,36.92987290661654,cold_wave
-0.04333819143070272,81.74497084911916,15.7813671881675,cold_wave
-7.863848329367162,38.06232934765801,32.24163020111569,cold_wave
42.773579723849764,87.79743204450695,19.75654538057516,heat_wave
-14.383637803685046,86.80566901074504,35.66034416413088,cold_wave
16.71579726991783,80.59254001176211,9.960763744702655,normal
8.727777889276307,79.00304363070614,44.51075013180872,normal
48.76650318360245,30.46791390980408,14.370479823278986,heat_wave
-12.157276848236336,8.091928305125219,18.389299387807647,cold_wave
7.8498919332019135,40.29801787651615,2.9045976040174892,normal
47.86293032927583,17.35245149865087,5.57561061606382,heat_wave
40.58549881257862,69.49510889024617,25.793095135616404,heat_wave
37.19504496644959,34.609972653778556,13.379633836398575,heat_wave
-1.9468021068542107,97.56102008599149,41.77401128710972,cold_wave
-8.037868882695392,64.0972077345332,0.7346694327476921,cold_wave
26.80502539471017,82.24805636343609,18.95470243359681,normal
45.05631923893101,13.252467274184843,16.867277338454635,heat_wave
18.973402510975085,86.20144822726226,0.9663815458800518,normal
20.012888262892986,92.27571905133944,6.2184199500255115,normal
-0.40146344378010923,48.70619188189359,20.682133745931765,cold_wave
33.86450532343558,60.625293775097745,24.64322922237233,normal
-6.9069376009733645,76.48098009029954,20.214487362743455,cold_wave
2.6575465482970557,17.483862726041256,26.546883920604692,cold_wave
9.780550703149174,50.25660764634424,29.756583745284075,normal
15.532726507911853,39.86630277723131,0.4961910563917815,normal
-3.0313187309443848,14.63739921622491,23.204757972675193,cold_wave
-11.961422268255752,36.753442229153144,48.17496204437941,cold_wave
22.743402970914282,6.817230938549357,25.951614006477435,normal
0.20413872681790224,2.5811906949486985,33.87711337294766,cold_wave
20.68667549958286,13.516628915482276,15.59319289584416,normal
-9.194609930805838,96.31151115891738,38.699568907638124,cold_wave
13.679807129837222,54.952953589501696,38.64607409380575,normal
17.281260278611008,96.582216115322,26.064802382706947,normal
-16.372352422430115,43.2497878330132,48.80069116396068,cold_wave
3.5622994735744413,31.181613308525957,6.277510738132669,cold_wave
-10.590972614271802,50.61418628402441,0.8473832444790497,cold_wave
-15.563752066906257,43.95116886329101,38.5079105878548,cold_wave
49.297216267296164,10.566468426174392,40.35777686824413,heat_wave
2.5647691482306065,64.08263146902063,6.0103614560288126,cold_wave
36.69121120982444,21.60381825095996,13.279141647930304,heat_wave
-2.1751541665365295,61.95879548978296,0.8776181683314455,cold_wave
27.705190555675046,65.02010923981534,14.665430539028234,normal
33.21595019227806,15.20248531286481,38.657093695933575,normal
21.694711842549097,6.134962711066816,25.898026385628945,normal
13.010333198511084,78.07615860684398,17.404779658414405,normal
8.828863990308797,45.98004237693202,18.586964745316514,normal
4.42077865800967,5.816379550547579,0.0676812857734077,cold_wave
45.067040097347814,99.48663171697672,14.990026378261796,heat_wave
38.14335854514104,5.778056099636664,32.32293708189653,heat_wave
47.551883746655875,69.50352288585532,48.70972219081786,heat_wave
-11.299194356011869,98.36789252634136,42.353041349194974,cold_wave
31.160723264255097,23.918010421592562,1.1797482322764563,normal
45.68383197747265,14.224936868719617,44.928030233741964,heat_wave
-7.313685368403789,12.138493942242889,39.1599206649313,cold_wave
-15.345261284325575,30.327514756759555,39.01880617854902,cold_wave
31.878445450304135,10.10458110106467,22.899787950178574,normal
20.21311792259383,69.2161341694132,19.90026464772514,normal
38.928014373079044,6.229179813006269,15.14578644165963,heat_wave
-10.215933636159736,50.94221281497897,3.284742947718289,cold_wave
35.668711830192315,99.66968538529768,11.411768174684955,heat_wave
-5.886087596657884,81.39702695060188,12.33018174890123,cold_wave
-8.544083999400684,61.52194382310109,24.20385348551008,cold_wave
-8.501394144830494,30.625362078661166,37.3722203298347,cold_wave
37.020230416196746,62.389583629163845,23.69049141989733,heat_wave
26.56380544873401,52.70414639116516,2.8922224723580303,normal
16.614579733838355,42.60833838903715,47.88949004941019,normal
5.1181338886451755,13.071037674019948,47.13621595470561,normal
41.40403785691758,88.66042152404667,39.25947715742042,heat_wave
7.471157519584477,44.97846488213225,49.56639507821103,normal
37.1619607630104,19.462251182076507,27.224116640013147,heat_wave
10.73944359991529,36.77593508772896,48.138417512660304,normal
6.38611005974353,41.4129752528927,3.7802520308375387,normal
12.387584996872448,82.75378955668742,18.284037413068567,normal
1.096451191489944,73.3614380561402,11.269063400338291,cold_wave
32.33265661233758,76.93048936413398,9.7916542067135,normal
15.190427306473538,1.1031264428647214,7.040147444633805,normal
-3.74511133972279,41.615399817976154,31.120682078299833,cold_wave
42.97022012921979,48.13441516353236,39.06609278736525,heat_wave
6.872385496124799,1.9192276823056686,28.914919971018033,normal
18.0487002779792,25.98132087450342,7.348135479410484,normal
43.453047767518285,76.0289823122135,40.55618849667354,heat_wave
23.696659713979443,13.710970572899905,31.797735358186426,normal
-11.817137150414515,53.531013145259166,19.408285306349775,cold_wave
45.78824865294325,21.52018720172375,33.70651477680315,heat_wave
23.939563714999252,1.2120774643893273,12.995248962141643,normal
3.4433930259960306,24.12014575995415,17.259610424710527,cold_wave
-10.250954913562891,97.58737549100537,45.87429215659951,cold_wave
35.581763248920716,80.15371118829896,14.52522528357102,heat_wave
23.405092914995947,95.95766443210334,23.49941340789683,normal
17.34227643834251,48.785404392636245,44.507056869800735,normal
42.57248081356703,10.973619867750351,35.386067513376375,heat_wave
35.20180478571715,54.79594889736929,3.1101613082351376,heat_wave
-9.382758418707418,45.43773345599609,7.365152213948517,cold_wave
1.8205447456883768,84.4357082739616,0.3920795385958409,cold_wave
-2.6057602129873985,9.808258078424458,31.54608951145817,cold_wave
32.076240480087385,48.82411370217782,22.383671270520917,normal
-17.652729568495445,15.004866469398426,6.713742545113776,cold_wave
19.89227794099216,32.467592689006,47.896706052838525,normal
33.37210800184834,73.73570773877996,26.482986197280994,normal
41.373594573322464,47.601812936876655,12.094664705644458,heat_wave
3.9457224101135218,37.58882851457693,25.03017855773538,cold_wave
37.4880113270409,39.44762785700353,33.98101663675539,heat_wave
-12.255778413135495,45.94467684059866,3.811960898678224,cold_wave
39.251660421416275,78.50165438370568,13.7351907523946,heat_wave
-11.075793636761231,89.20846889402344,40.34827454419968,cold_wave
7.810110339225709,95.53346865039283,22.983243520133062,normal
35.81067560456875,78.6903386255295,27.328857101614744,heat_wave
-9.505780085585835,31.540689574801274,21.640800110473464,cold_wave
-3.9524023337150958,68.81347060865421,2.194997132150256,cold_wave
30.557679787514637,43.760312405539196,8.287488991007796,normal
30.402557558225205,25.467062204605117,22.277081937094543,normal
24.880334301970812,84.08715794259226,10.459273270396391,normal
28.576391112697003,3.8426348962324997,2.4989514329839366,normal
17.99071103433173,90.17619921354235,42.182483202591186,normal
-2.3740658765133063,46.147746462473414,49.05962645820579,cold_wave
4.198719545274361,63.72014768082804,39.65714369983697,cold_wave
-7.2881598239002034,65.93539222057827,42.68924608523335,cold_wave
43.59153929335398,89.51177407065364,12.098856515852269,heat_wave
20.837425633628435,63.66696821672073,48.031348775659986,normal
8.059599173454792,61.39335847600618,9.846285222671419,normal
12.340406255089285,6.665204056068996,47.571490518091615,normal
46.309833772827076,51.84080219452041,49.74096469829755,heat_wave
-9.265401781874386,15.016900081704165,35.586140287302435,cold_wave
21.036088241175804,73.74337687214856,49.0571865895911,normal
15.41220752191262,51.22219208126745,28.476988978355184,normal
22.801796480425345,68.02277792083532,12.977089158804517,normal
-18.732287132541163,4.167290060238427,21.849794283281042,cold_wave
41.048673626090604,8.479201604580322,29.678046768939296,heat_wave
45.24827977385287,71.63233880626822,3.6540781013507493,heat_wave
19.559322851244623,7.208433599867337,31.117163230862303,normal
28.76555767138246,7.12567277652586,49.058891838114725,normal
44.5749566824107,1.210847523488745,9.505382489186381,heat_wave
29.506704401937903,95.65013982994802,39.62975581441916,normal
-9.322266996001705,73.75083594590069,45.39493968898097,cold_wave
20.340185211676925,35.32514085020642,47.18507964101104,normal
22.470053246799914,29.65355812876552,48.00678022027236,normal
9.689146991167021,34.97032297458495,26.072981936073596,normal
31.551096493730597,77.46535311811819,48.865395399575185,normal
45.40569103383103,66.13706110704143,37.86551035672194,heat_wave
44.78979590347434,18.519556786746794,8.083571811848095,heat_wave
11.558755998289246,17.410933533408436,23.8450053233985,normal
-12.073336791147131,9.839564971339732,35.9165587686002,cold_wave
48.93888392736342,66.03027197013381,12.367015790954166,heat_wave
38.72286605121539,76.43726622217359,32.03075917744437,heat_wave
-11.27361231577132,26.5046428325004,33.33002395233096,cold_wave
44.45893178321606,2.094496103091281,8.134987190428294,heat_wave
40.89274534434898,8.217166747642734,28.254265622637813,heat_wave
16.318663998825045,96.78600348450304,38.581345548930386,normal
21.38928050214505,29.544477747742025,24.944783226797096,normal
7.930189270909118,76.92231478381336,0.6051558388053713,normal
-16.166685282457806,62.46635688542638,0.45192345396460887,cold_wave
3.463806915213066,38.19396396528959,17.851467198500607,cold_wave
36.1997414018608,20.56872621955551,46.3097034215891,heat_wave
-19.6757583896778,12.138641815940643,11.433838980180438,cold_wave
3.3449420183800918,61.50129680388666,31.718184443584356,cold_wave
7.871808551366033,77.4633780637788,11.103793534666028,normal
17.6176922056546,64.39042535411306,16.08349948297743,normal
44.389893148893236,53.030213324915835,42.4021044800742,heat_wave
4.244219605617289,4.195122343163627,36.443072113497344,cold_wave
4.286724132735937,96.84887775943838,4.769963865660531,cold_wave
31.625087367682383,79.87141916545745,21.43510104932168,normal
11.655255862286502,29.282203670096475,1.4584881822632234,normal
-4.277662394201263,97.99703293588506,24.04450733015045,cold_wave
11.670766129288538,60.18815896363221,33.121700585053404,normal
-10.14000857341401,58.24226582072465,5.925131179907578,cold_wave
-7.652910944564368,74.8073179429532,14.444246945458284,cold_wave
14.885744091763584,81.17697880901376,19.891831275107847,normal
9.324781465318353,65.64786073315027,45.976551232802485,normal
44.039213074767005,12.809574636620003,49.662750771148204,heat_wave
5.367572938164319,33.82675059944984,2.2455649497807926,normal
20.64118451946304,92.80836403260497,38.0503961747696,normal
24.258500154367127,22.461561184385193,18.58620332011716,normal
-19.083388038816647,37.21670238375133,19.622909311474,cold_wave
26.447616041169738,43.2076882944196,37.71324866735114,normal
-7.5374823191174,43.940498969445215,45.921321607270436,cold_wave
47.27492222286186,61.29395824945255,47.54642972512742,heat_wave
-9.593609057282093,94.30758377447076,28.856129301916038,cold_wave
9.023688660891661,24.069271183250496,17.85605796502514,normal
-14.02552323449493,12.150137630091805,39.377454292938964,cold_wave
49.78119762921631,19.747048985993732,12.550069163115014,heat_wave
15.153650723186978,88.69249002092695,28.20370144167589,normal
21.67695121240307,64.5810812655206,17.92892307624366,normal
-15.304646582810076,28.590678923916013,32.83155368539381,cold_wave
32.49723292794245,81.59469389686173,12.019945644675346,normal
-5.306608483308997,86.1369996363436,9.579647286741288,cold_wave
42.86380026084996,84.6514338690278,45.91195433377185,heat_wave
-5.640225166259498,91.89265336395545,5.090184147476845,cold_wave
-6.651859553543339,25.224102017336158,25.297895386746582,cold_wave
-17.44152325063336,75.50419287462783,11.042639148150446,cold_wave
13.04468615769995,46.053949727414,1.9464981662833725,normal
19.538879328383146,84.19985528900615,1.8009409145713196,normal
-15.400395240015335,72.84906771616131,8.761088605291366,cold_wave
34.28693316865074,77.64474464997247,43.338517725300015,normal
11.730218432361934,65.61618376810715,14.123937198851333,normal
16.707318852930605,17.742876946970686,47.52295852876479,normal
10.85339228567597,54.502691889693835,29.08111464945968,normal
8.05341426127282,98.46697395245081,21.830709488438305,normal
19.17482319157525,93.73880664971189,29.00444173347273,normal
-9.133182784850124,4.317373579701167,25.834919261313388,cold_wave
-7.2650308653310205,16.481481572943714,37.93881268786626,cold_wave
40.32499347094621,13.172877345456191,14.124803298642613,heat_wave
46.228082349354295,72.59799099852955,17.65251958001512,heat_wave
6.131652139582705,81.77853298569451,44.704715126662535,normal
-1.0478728799512353,21.35113663106719,47.322825657520276,cold_wave
25.079968026731102,50.5852692951829,44.62791137432372,normal
8.611391976866749,84.07030280112,20.97239969786568,normal
-18.22295510377586,73.28015447662506,39.01827515034408,cold_wave
-9.069318184366676,54.223720549184826,23.81678666505494,cold_wave
30.118056019317827,59.03476904587729,24.87699260730511,normal
26.12467593371059,50.83605469162799,10.234005452864197,normal
-18.103280524756155,29.754845131882057,29.556515162925823,cold_wave
-4.461948664693539,56.50219928590161,9.306794887667397,cold_wave
-3.8247642388350016,68.88853020500906,16.57823495335969,cold_wave
27.032492051910992,87.33229158608077,42.75151008099676,normal
-18.62026235719451,63.629135397924806,10.353790460542761,cold_wave
-12.712399261079831,76.1121537043158,3.557914258671641,cold_wave
35.99412597612326,16.0071634954573,3.450379630640815,heat_wave
-7.501873656196647,46.15574744197899,47.03922602515539,cold_wave
25.692227549631227,0.9331619827093296,25.34602189809173,normal
-3.3272053267291426,24.667886452162303,20.470603590850917,cold_wave
-13.03910250684584,72.64617151130048,40.543929050395924,cold_wave
-2.9779466300382147,99.18099513493634,41.7912963955258,cold_wave
30.558685229896142,9.917809958721591,16.60955165578023,normal
39.89875276744,40.14943158612883,34.68090287368976,heat_wave
38.11539051968941,80.00709686991596,38.55614079259433,heat_wave
7.8028470732918365,20.403563462889885,32.73253434329773,normal
26.76595955994523,55.50849493022862,7.579753740004969,normal
-5.651099320892532,73.30712960296748,43.79415417585285,cold_wave
0.5203411182709274,61.5985450260179,26.954727636800435,cold_wave
42.743507296478384,18.802473461541613,14.123621318500184,heat_wave
-19.089865354248477,35.538456868573945,21.261409271884695,cold_wave
-14.014402840187234,78.37917844853972,1.878554519945369,cold_wave
-5.447962139778088,55.42265141320166,6.3933400611208775,cold_wave
-18.14274572883262,0.5229613542912737,38.277337525793044,cold_wave
-7.299519543714188,76.09907600280938,0.0005817377683070557,cold_wave
20.812909267878453,3.531135494023907,20.82829142411461,normal
9.499718541474856,74.57337827312321,26.125509054279423,normal
42.48701977538824,20.24805601652374,2.7317210000486147,heat_wave
37.22104932169086,95.80734801193802,48.653908148616644,heat_wave
3.927214618851316,36.79407513020845,11.306266562483597,cold_wave
-1.8403596598095255,32.69316163380791,15.209935981814043,cold_wave
6.578468571708683,14.888805033244468,15.197125612751366,normal
21.320645976036545,30.560421549021488,11.520833105867496,normal
-1.2355451423986636,87.66507618282006,0.0736911043155708,cold_wave
23.69042354943938,99.63343376272474,36.467239704399816,normal
8.658815653386831,36.83095305068483,48.34227498996427,normal
18.643302659638614,44.861063095454256,11.214674164252253,normal
10.528857039472168,72.2070938202737,33.15235959017112,normal
0.6126031679342354,88.61957804650746,37.094816347935755,cold_wave
46.39173148735097,59.304433418678414,42.421268954526234,heat_wave
33.45240559118326,39.15256981778293,21.131459850680457,normal
-10.192077696348322,41.262184084862376,15.146545282021462,cold_wave
40.7927583128539,69.56181464968068,16.264756701151555,heat_wave
14.120183877465955,0.32182636042786816,35.63106665492564,normal
42.6186558825864,61.95893374598407,40.8389733252818,heat_wave
35.989867916312065,35.54930104413574,9.080698387830132,heat_wave
9.76494531284634,79.41973312770843,18.54705040788826,normal
-18.42714841759178,9.299063982313216,45.097009837457506,cold_wave
-1.1925848430537727,58.82022669483905,40.33467598473696,cold_wave
17.914395026260685,48.09728898861238,49.24292013812379,normal
24.34347538783031,64.23255259052274,37.712412984104034,normal
-1.9478620196758385,6.485359448296835,19.659760051396113,cold_wave
-10.24507481490231,57.99837874281313,29.531891699731887,cold_wave
38.44511657595094,56.14845879595237,33.050712712366014,heat_wave
48.90815264924865,56.06600944161709,3.9227908158561977,heat_wave
16.798312761188008,60.34876665964548,27.224847955193255,normal
-7.982449990618756,67.64679372263622,35.46604142363048,cold_wave
-0.9384871436441742,80.49889996807697,8.366065200053018,cold_wave
-18.71265264167733,26.982072012821433,39.031585871277855,cold_wave
44.00091645923493,82.5049410180062,29.18863902570558,heat_wave
-11.75742419769012,49.82556822634536,47.61108928487973,cold_wave
20.35615328599775,7.705827913433117,2.121114910344585,normal
-0.8161345518955798,5.85509292439792,13.26630687777335,cold_wave
18.792460176105536,33.42383186960608,30.077693964991205,normal
25.599427184630493,78.48969771114676,14.827995610296535,normal
38.081926259504115,70.76809347409157,35.721208203562114,heat_wave
-5.550510976757776,78.86149646724064,37.95026412609655,cold_wave
-19.230291993906366,51.72690564416094,5.125798203323723,cold_wave
-10.41800589518349,44.01989979554906,25.692723210338386,cold_wave
43.00130492936736,14.745252670628394,25.444527779552793,heat_wave
41.17230542937607,32.81927536093116,18.464038510777055,heat_wave
21.818917151921582,43.40193661738753,46.646243128483604,normal
22.03618023035574,8.860042967961723,41.37531599366106,normal
26.552567218237883,22.061195271121125,34.86046909548184,normal
-7.724010496358529,59.82252940637388,35.716331786749876,cold_wave
44.00883621474719,73.56631142391899,23.085807190655956,heat_wave
9.313936742445119,99.83475113929497,46.049726054828795,normal
6.819696977464822,93.31133313435576,34.729771362664266,normal
16.324239369798626,64.25651995351916,36.44905308279082,normal
-16.712382325746148,42.1248053294072,43.08454518936726,cold_wave
-8.360164187074442,63.617736470823274,13.70357946710955,cold_wave
31.662353149845934,78.56516180802319,40.35354519333515,normal
-14.204093245241147,11.833619092338733,9.762030147824602,cold_wave
22.220647662647174,40.99048896962883,17.26709761224439,normal
-2.8255623223075332,83.98022856356172,16.780522713492136,cold_wave
7.250692982938357,38.3832951933044,48.926273419457026,normal
0.208561573948991,57.18722712271865,42.82686118739634,cold_wave
4.89709015254644,58.77693608621982,35.058493079512985,cold_wave
30.333213362897183,18.447625313363936,36.35283808076951,normal
0.7985200936222512,36.22354416522884,28.103639720128555,cold_wave
19.648324820782804,33.451128874193216,47.35453335542596,normal
13.323528153936977,2.6196708532064794,24.812937644118076,normal
26.45698157538537,2.4191763891355245,19.025885493494727,normal
45.578081752733056,83.16970436757735,8.15176684657955,heat_wave
31.28004680471752,27.30708099728124,39.3102826130529,normal
-4.954173498647027,51.80787662388154,36.72219660377957,cold_wave
-17.817180545710073,29.872557358877305,19.217751926206745,cold_wave
-1.6415168990122453,94.06792451153404,1.259670697961468,cold_wave
21.65545514901784,25.929675886577375,41.949866385900535,normal
-16.400193056102474,42.96568127389351,0.5708991727036816,cold_wave
14.745637304086543,87.27302504846018,35.18498898145255,normal
21.778999424182246,84.19335667918087,48.512855486302854,normal
3.397072357187259,18.610141784627732,21.883066407410173,cold_wave
33.96385426220753,80.26433097957104,11.748670249797637,normal
-12.538122280635974,45.81868867378927,35.243550502169086,cold_wave
-14.740355278493386,48.29688720853552,40.85640710077926,cold_wave
30.97321293425223,13.347997241594378,27.321515803892364,normal
14.684392134433892,8.060151375712465,48.35176376280731,normal
28.18816774994152,72.79393069737652,2.5834360828980554,normal
10.437913702262236,49.646115235529976,25.239779915226407,normal
-2.751857673262524,43.68507026151796,35.9226973661275,cold_wave
37.33716223719398,72.95082286523967,43.13202355745895,heat_wave
35.95911152782855,76.55128989911097,8.962780595389502,heat_wave
28.628752959809873,15.890816766935355,40.00017408818407,normal
-0.9498403939026119,61.02251494776413,27.635353785927265,cold_wave
21.3161466808361,13.535408227768553,19.82768409949816,normal
5.268172785801877,75.13750860290457,6.585751428954678,normal
-13.58925486713561,65.69551562671396,43.26478794544562,cold_wave
44.211950282356995,95.6614621083458,7.863660408985767,heat_wave
-10.422695835672702,6.895801635642118,15.489392960454962,cold_wave
46.516614767456176,5.705472115125431,14.502276598121844,heat_wave
11.2204041070569,28.218707469320016,43.57070170954272,normal
